cluster_a,cluster_b,distance,new_size
0,1,1,2
10,2,1,3
6,7,1,2
3,4,1.4142135623731,2
13,9,1.4142135623731,3
11,14,2,6
15,5,2.23606797749979,7
16,12,2.23606797749979,9
17,8,2.23606797749979,10
